{"cameraMode":{"drawMode":0,"name":"Shaded","section":"Shading Mode"},"sceneLighting":true,"audioPlay":false,"sceneViewState":{"showFog":true,"showMaterialUpdate":false,"showSkybox":true,"showFlares":true,"showImageEffects":true,"showParticleSystems":true},"in2DMode":false,"pivot":{"x":-1.9407281875610352,"y":2.927358627319336,"z":-0.06441974639892578},"rotation":{"x":-0.09616998583078385,"y":0.8970643877983093,"z":-0.2413392812013626,"w":-0.357466459274292},"size":16.924474716186525,"orthographic":false}