{"cameraMode":{"drawMode":0,"name":"Shaded","section":"Shading Mode"},"sceneLighting":true,"audioPlay":false,"sceneViewState":{"showFog":true,"showMaterialUpdate":false,"showSkybox":true,"showFlares":true,"showImageEffects":true,"showParticleSystems":true},"in2DMode":false,"pivot":{"x":1.8538448810577393,"y":0.8980938196182251,"z":7.255159378051758},"rotation":{"x":0.09732576459646225,"y":-0.13541831076145173,"z":0.013368106447160244,"w":0.985906183719635},"size":7.679532051086426,"orthographic":false}