{"cameraMode":{"drawMode":0,"name":"Shaded","section":"Shading Mode"},"sceneLighting":true,"audioPlay":false,"sceneViewState":{"showFog":true,"showMaterialUpdate":false,"showSkybox":true,"showFlares":true,"showImageEffects":true,"showParticleSystems":true},"in2DMode":false,"pivot":{"x":-3.7652347087860109,"y":-0.47030162811279299,"z":2.176290273666382},"rotation":{"x":-0.4721168875694275,"y":0.27011820673942568,"z":-0.1546228528022766,"w":-0.824762761592865},"size":12.107030868530274,"orthographic":false}