{"cameraMode":{"drawMode":0,"name":"Shaded","section":"Shading Mode"},"sceneLighting":true,"audioPlay":false,"sceneViewState":{"showFog":true,"showMaterialUpdate":false,"showSkybox":true,"showFlares":true,"showImageEffects":true,"showParticleSystems":true},"in2DMode":false,"pivot":{"x":-3.783510208129883,"y":10.008522033691407,"z":-2.470338821411133},"rotation":{"x":-0.07515179365873337,"y":0.9154250025749207,"z":-0.20260277390480042,"w":-0.3395605981349945},"size":35.195743560791019,"orthographic":false}